{
  "name": "transformer",
  "vr_coords": [
    [
      840.2557,
      880.0
    ],
    [
      890.8309,
      979.0485
    ],
    [
      789.6884,
      979.0485
    ],
    [
      789.6883,
      780.9514
    ],
    [
      891.1476,
      781.5756
    ],
    [
      987.8993,
      880.0
    ],
    [
      840.2722,
      1169.141
    ],
    [
      692.645,
      880.0
    ],
    [
      840.2722,
      590.8586
    ]
  ],
  "img_coords": [
    [
      1321.5,
      736.5
    ],
    [
      1518.0,
      541.0
    ],
    [
      1125.5,
      541.0
    ],
    [
      1126.0,
      932.0
    ],
    [
      1519.0,
      931.5
    ],
    [
      1894.0,
      736.5
    ],
    [
      1321.5,
      164.0
    ],
    [
      749.0,
      736.5
    ],
    [
      1321.5,
      1309.0
    ]
  ],
  "transform": [
    [
      3.8778323138186983,
      0.0006912641875988437
    ],
    [
      -0.00013057851235546636,
      -1.9791712390076424
    ],
    [
      -1936.6496250374644,
      2477.67140008113
    ]
  ]
}